concentration,signal
0,0.025746834
1,-0.002948125
2,0.02668455
3,0.082978744
4,0.149186828
4.5,0.095030643
5,0.167723928
5.5,0.208767852
6,0.207289554
6.5,0.288494484
7,0.294608797
7.1,0.470956541
7.2,0.459756435
7.3,0.535975035
7.4,0.606236271
7.5,0.626813013
7.6,0.716733432
7.7,0.53828788
7.8,0.676260383
7.9,0.783121495
8,0.661816182
8.5,0.837912317
